segNum	size	Hit	buffer	bitrate	throughput	downloadT	rebufferT	vtype	qoe	time
1	1304992	-1	4171	321054	1957713.155290	0.666590	0.666590	1	-0.066659	529.000000
2	6404960	-1	8342	1771903	1818999.004919	3.521145	3.521145	1	0.621691	532.000000
3	7634416	-1	7913	1771903	1659941.187178	4.599209	4.599209	1	0.992945	536.000000
4	5907648	-1	8171	1771903	1509451.437686	3.913771	3.913771	1	0.992945	539.000000
5	616904	-1	11870	889918	1309298.701300	0.471171	0.471171	1	0.984123	539.000000
6	2347568	-1	14442	889918	1467535.288644	1.599667	1.599667	1	0.988534	540.000000
7	3922512	-1	16165	889918	1602814.466093	2.447265	2.447265	1	0.988534	542.000000
8	3075680	-1	18049	889918	1344859.852330	2.286989	2.286989	1	0.988534	544.000000
9	3179568	-1	20313	889918	1666937.994563	1.907430	1.907430	1	0.988534	545.000000
10	2970008	-1	22458	889918	1465810.915974	2.026188	2.026188	1	0.988534	547.000000
11	3078352	-1	24950	889918	1833469.683343	1.678976	1.678976	1	0.988534	548.000000
12	3471312	-1	26318	889918	1238493.280816	2.802851	2.802851	1	0.988534	550.000000
13	3289248	-1	28203	889918	1830524.236385	1.796889	1.796889	1	0.988534	551.000000
14	3588016	-1	27179	889918	1272327.088098	2.820042	2.820042	1	0.988534	553.000000
15	3553592	-1	27572	889918	1464016.665229	2.427289	2.427289	1	0.988534	555.000000
16	3924688	-1	27829	889918	1808162.056786	2.170540	2.170540	1	0.988534	557.000000
17	3575256	-1	27860	889918	1671180.123534	2.139360	2.139360	1	0.988534	559.000000
18	3341408	-1	28055	889918	1718689.660750	1.944160	1.944160	1	0.988534	560.000000
19	3500040	-1	28229	889918	1976771.319897	1.770584	1.770584	1	0.988534	561.000000
20	3323784	-1	28490	889918	2202485.398204	1.509106	1.509106	1	0.988534	562.000000
21	6959368	-1	26564	1771903	2025579.326386	3.435742	3.435742	1	0.988534	565.000000
22	6821920	-1	26782	1771903	2120239.615015	3.217523	3.217523	1	0.992945	568.000000
23	6705040	-1	26302	1771903	1813570.112642	3.697150	3.697150	1	0.992945	571.000000
24	6679744	-1	26362	1771903	1836516.029782	3.637183	3.637183	1	0.992945	574.000000
25	6709656	-1	26600	1771903	1973973.581558	3.399061	3.399061	1	0.992945	577.000000
26	6888536	-1	26360	1771903	1892464.172098	3.639982	3.639982	1	0.992945	580.000000
27	6672768	-1	26779	1771903	2072207.012942	3.220126	3.220126	1	0.992945	583.000000
28	6536976	-1	27140	1771903	2286204.463155	2.859314	2.859314	1	0.992945	585.000000
29	7463880	-1	26526	1771903	2148553.385982	3.473909	3.473909	1	0.992945	588.000000
30	6755264	-1	26951	1771903	2215822.732106	3.048648	3.048648	1	0.992945	591.000000
31	8244832	-1	26044	1771903	2084521.017283	3.955265	3.955265	1	0.992945	594.000000
32	7753304	-1	25922	1771903	1901554.589495	4.077350	4.077350	1	0.992945	598.000000
33	5831056	-1	26819	1771903	1833372.736380	3.180508	3.180508	1	0.992945	601.000000
34	7645184	-1	25740	1771903	1794710.317023	4.259843	4.259843	1	0.992945	605.000000
35	7030320	-1	26547	1771903	2090390.011965	3.363162	3.363162	1	0.992945	608.000000
36	7625560	-1	24992	1771903	1522883.807034	5.007316	5.007316	1	0.992945	613.000000
37	7793856	-1	23778	1771903	1447208.335301	5.385442	5.385442	1	0.992945	618.000000
38	3482464	-1	24405	889918	982667.651985	3.543888	3.543888	1	0.984123	621.000000
39	3853160	-1	18973	889918	401265.230571	9.602526	9.602526	1	0.988534	630.000000
40	3359072	-1	19098	889918	830092.070870	4.046626	4.046626	1	0.988534	634.000000
41	2473336	-1	20252	537678	820000.473432	3.016262	3.016262	1	0.978664	637.000000
42	1834544	-1	22819	537678	1143739.279826	1.603988	1.603988	1	0.983599	638.000000
43	2030760	-1	25527	537678	1387592.498707	1.463513	1.463513	1	0.983599	639.000000
44	2035256	-1	28171	537678	1333147.085141	1.526655	1.526655	1	0.983599	640.000000
45	3466272	-1	26402	889918	963414.928214	3.597901	3.597901	1	0.983599	643.000000
46	3746632	-1	21292	889918	430271.349080	8.707603	8.707603	1	0.988534	651.000000
47	1991552	-1	21496	537678	502034.584339	3.966962	3.966962	1	0.978664	654.000000
48	2104272	-1	22689	537678	706533.817322	2.978303	2.978303	1	0.983599	656.000000
49	1987624	-1	23435	537678	580422.251916	3.424445	3.424445	1	0.983599	659.000000
50	2141776	-1	22188	537678	395318.839020	5.417845	5.417845	1	0.983599	664.000000
51	1284080	-1	18348	321054	160290.477124	8.010956	8.010956	1	0.964012	672.000000
52	1363584	-1	21424	321054	1245302.194345	1.094982	1.094982	1	0.973805	673.000000
53	1173680	-1	24859	321054	1592831.168830	0.736851	0.736851	1	0.973805	673.000000
54	1268744	-1	28233	321054	1592831.168830	0.796534	0.796534	1	0.973805	673.000000
55	1239120	-1	29222	321054	1592831.168830	0.777936	0.777936	1	0.973805	673.000000
56	1989960	-1	28770	537678	1618369.210305	1.229608	1.229608	1	0.973805	674.000000
57	3664880	-1	27748	889918	1627452.067267	2.251913	2.251913	1	0.983599	676.000000
58	3555200	-1	28110	889918	1881776.480419	1.889279	1.889279	1	0.988534	677.000000
59	3360512	-1	28211	889918	1878829.325849	1.788620	1.788620	1	0.988534	678.000000
60	3773552	-1	28150	889918	2040180.088540	1.849617	1.849617	1	0.988534	679.000000
61	3773552	-1	27608	1771903	1577759.994689	2.391715	2.391715	1	0.988534	681.000000
62	3773552	-1	27488	1771903	1502450.796840	2.511598	2.511598	1	0.992945	683.000000
63	3773552	-1	27689	889918	1633481.321255	2.310129	2.310129	1	0.984123	685.000000
64	3773552	-1	27850	889918	1755540.482843	2.149510	2.149510	1	0.988534	687.000000
65	3773552	-1	28011	889918	1897374.182835	1.988829	1.988829	1	0.988534	688.000000
66	3241536	-1	28220	889918	1821457.620039	1.779638	1.779638	1	0.988534	689.000000
67	3893544	-1	27836	889918	1799431.382304	2.163764	2.163764	1	0.988534	691.000000
68	7336944	-1	26053	1771903	1859062.087835	3.946584	3.946584	1	0.988534	694.000000
69	8182408	-1	25696	1771903	1901229.792234	4.303745	4.303745	1	0.992945	698.000000
70	6895024	-1	26512	1771903	2055237.039198	3.354856	3.354856	1	0.992945	701.000000
71	6733528	-1	26569	1771903	1962958.647805	3.430295	3.430295	1	0.992945	704.000000
72	6485744	-1	26959	1771903	2133332.791956	3.040193	3.040193	1	0.992945	707.000000
73	6539064	-1	26761	1771903	2018918.089321	3.238895	3.238895	1	0.992945	710.000000
74	6575016	-1	26368	1771903	1810493.736039	3.631615	3.631615	1	0.992945	713.000000
75	7705240	-1	27323	1771903	2878713.623133	2.676626	2.676626	1	0.992945	715.000000
76	6001560	-1	28349	1771903	3636810.910490	1.650226	1.650226	1	0.992945	716.000000
77	6822152	-1	28193	1771903	3775752.803928	1.806832	1.806832	1	0.992945	717.000000
78	11141752	-1	27113	2565293	3859963.262345	2.886492	2.886492	1	0.992945	719.000000
79	10942736	-1	27317	2565293	4078659.451071	2.682925	2.682925	1	0.994948	721.000000
80	10534768	-1	27345	2565293	3969232.838437	2.654107	2.654107	1	0.994948	723.000000
81	9742352	-1	27122	2565293	3386086.463006	2.877172	2.877172	1	0.994948	725.000000
82	10590896	-1	27641	2565293	4489714.541770	2.358924	2.358924	1	0.994948	727.000000
83	10428344	-1	27493	2565293	4159890.767271	2.506879	2.506879	1	0.994948	729.000000
84	9598672	-1	27795	2565293	4354150.765248	2.204488	2.204488	1	0.994948	731.000000
85	8818096	-1	26787	2565293	2745204.903348	3.212181	3.212181	1	0.994948	734.000000
86	10526256	-1	26250	2565293	2807150.831100	3.749801	3.749801	1	0.994948	737.000000
87	9446296	-1	27781	2565293	4258207.909539	2.218374	2.218374	1	0.994948	739.000000
88	10922328	-1	27271	2565293	4002943.192080	2.728574	2.728574	1	0.994948	741.000000
89	11814704	-1	26949	2565293	3872780.377395	3.050703	3.050703	1	0.994948	744.000000
90	11594136	-1	27452	2565293	4551199.464736	2.547490	2.547490	1	0.994948	746.000000
91	9939472	-1	27624	2565293	4184084.022595	2.375543	2.375543	1	0.994948	748.000000
92	10793520	-1	27650	2565293	4593634.564205	2.349669	2.349669	1	0.994948	750.000000
93	9673656	-1	27532	2565293	3920237.383006	2.467620	2.467620	1	0.994948	752.000000
94	10375776	-1	28284	2565293	6047891.956911	1.715602	1.715602	1	0.994948	753.000000
95	12309608	-1	27224	2565293	4435389.015860	2.775316	2.775316	1	0.994948	755.000000
96	12445576	-1	27087	2565293	4273639.983076	2.912172	2.912172	1	0.994948	757.000000
97	9921064	-1	27576	2565293	4093127.447588	2.423835	2.423835	1	0.994948	759.000000
98	4688256	-1	28715	2565293	3649754.828906	1.284540	1.284540	1	0.994948	760.000000
99	10660776	-1	26990	2565293	3542065.917879	3.009762	3.009762	1	0.994948	763.000000
100	11801600	-1	23943	2565293	1948540.830831	6.056635	6.056635	1	0.994948	769.000000
101	9853152	-1	23680	2565293	2222346.971845	4.433670	4.433670	1	0.994948	773.000000
102	9087488	-1	23225	2565293	1964260.394928	4.626417	4.626417	1	0.994948	777.000000
103	7469472	-1	21650	1771903	1300097.618501	5.745316	5.745316	1	0.990942	782.000000
104	7169872	-1	22286	1771903	2028132.171325	3.535209	3.535209	1	0.992945	785.000000
105	6754864	-1	23027	1771903	1969391.114091	3.429925	3.429925	1	0.992945	788.000000
106	6406416	-1	23659	1771903	1810003.587840	3.539449	3.539449	1	0.992945	791.000000
107	3324984	-1	26294	889918	2164451.231373	1.536179	1.536179	1	0.984123	792.000000
108	7691072	-1	24124	1771903	1309115.041086	5.875016	5.875016	1	0.988534	797.000000
109	6441232	-1	21855	1771903	1000136.229258	6.440355	6.440355	1	0.992945	803.000000
110	3717424	-1	23212	889918	1320793.464272	2.814538	2.814538	1	0.984123	805.000000
111	4163056	-1	23949	889918	1212365.737872	3.433828	3.433828	1	0.988534	808.000000
112	3876744	-1	24850	889918	1185616.667206	3.269812	3.269812	1	0.988534	811.000000
113	3919120	-1	25756	889918	1200422.882481	3.264783	3.264783	1	0.988534	814.000000
114	3784704	-1	27320	889918	1451593.016520	2.607276	2.607276	1	0.988534	816.000000
115	3849592	-1	27906	889918	1838466.907165	2.093914	2.093914	1	0.988534	818.000000
116	3567344	-1	27603	889918	1488561.483790	2.396504	2.396504	1	0.988534	820.000000
117	3689920	-1	27929	889918	1782357.824226	2.070246	2.070246	1	0.988534	822.000000
118	4335096	-1	27873	889918	2038576.827313	2.126531	2.126531	1	0.988534	824.000000
119	3873800	-1	28035	889918	1971868.514295	1.964533	1.964533	1	0.988534	825.000000
120	7475120	-1	26407	1771903	2080564.372238	3.592833	3.592833	1	0.988534	828.000000
121	7235032	-1	26455	1771903	2041410.110144	3.544134	3.544134	1	0.992945	831.000000
122	8143632	-1	24438	1771903	1464203.859217	5.561816	5.561816	1	0.992945	836.000000
123	7374472	-1	19787	1771903	835910.718319	8.822081	8.822081	1	0.992945	844.000000
124	3698424	-1	20113	889918	962100.519353	3.844114	3.844114	1	0.984123	847.000000
125	3825464	-1	18767	889918	693273.701247	5.517971	5.517971	1	0.988534	852.000000
126	3435856	-1	17625	889918	646724.450274	5.312705	5.312705	1	0.988534	857.000000
127	1848120	-1	19216	537678	716380.729242	2.579801	2.579801	1	0.978664	859.000000
128	1411520	-1	20567	537678	500516.745521	2.820125	2.820125	1	0.983599	861.000000
129	28688	-1	24689	537678	585009.708740	0.049039	0.049039	1	0.983599	861.000000
130	2333272	-1	24337	537678	515876.553103	4.522927	4.522927	1	0.983599	865.000000
131	2148152	-1	25612	537678	741853.345727	2.895656	2.895656	1	0.983599	867.000000
132	1977024	-1	28367	537678	1396193.955012	1.416010	1.416010	1	0.983599	868.000000
133	2490208	-1	28405	537678	1561854.965323	1.594391	1.594391	1	0.983599	869.000000
134	2011224	-1	28674	537678	1517683.038141	1.325194	1.325194	1	0.983599	870.000000
135	3991472	-1	27186	889918	1418679.788860	2.813512	2.813512	1	0.983599	872.000000
136	4022696	-1	27151	889918	1412391.929511	2.848144	2.848144	1	0.988534	874.000000
137	3167384	-1	27569	889918	1302986.676242	2.430864	2.430864	1	0.988534	876.000000
138	3518384	-1	27385	889918	1345845.772902	2.614255	2.614255	1	0.988534	878.000000
139	3512344	-1	27867	889918	1647205.049784	2.132305	2.132305	1	0.988534	880.000000
140	3443192	-1	27974	889918	1699998.598626	2.025409	2.025409	1	0.988534	882.000000
141	3914320	-1	27806	889918	1784569.377147	2.193426	2.193426	1	0.988534	884.000000
142	4086448	-1	28169	889918	2232410.230726	1.830509	1.830509	1	0.988534	885.000000
143	3718344	-1	28305	889918	2194086.309996	1.694712	1.694712	1	0.988534	886.000000
144	6541944	-1	26380	1771903	1807619.031263	3.619094	3.619094	1	0.988534	889.000000
145	7895720	-1	25967	1771903	1958142.486209	4.032250	4.032250	1	0.992945	893.000000
146	8091416	-1	23036	1771903	1162005.781004	6.963318	6.963318	1	0.992945	899.000000
147	4244416	-1	21816	889918	787231.603460	5.391572	5.391572	1	0.984123	904.000000
148	3864920	-1	18772	889918	535671.676390	7.215091	7.215091	1	0.988534	911.000000
149	3666544	-1	16824	889918	599218.453259	6.118877	6.118877	1	0.988534	917.000000
150	2075976	-1	17699	537678	629948.936677	3.295467	3.295467	1	0.978664	920.000000
151	2231496	-1	19516	537678	947741.973072	2.354540	2.354540	1	0.983599	922.000000
152	2338192	-1	19528	537678	562183.393180	4.159127	4.159127	1	0.983599	926.000000
153	2223448	-1	21451	537678	989400.654484	2.247268	2.247268	1	0.983599	928.000000
154	2165288	-1	23745	537678	1153228.172867	1.877589	1.877589	1	0.983599	929.000000
155	1950456	-1	26341	537678	1238486.393233	1.574871	1.574871	1	0.983599	930.000000
156	3824944	-1	26784	889918	1189412.415392	3.215827	3.215827	1	0.983599	933.000000
157	3562112	-1	27143	889918	1246898.611849	2.856778	2.856778	1	0.988534	935.000000
158	3709032	-1	26763	889918	1145984.304006	3.236547	3.236547	1	0.988534	938.000000
159	3353736	-1	27441	889918	1310820.192111	2.558502	2.558502	1	0.988534	940.000000
160	3144064	-1	26365	889918	865165.608331	3.634060	3.634060	1	0.988534	943.000000
161	3521568	-1	26584	889918	1031157.952953	3.415159	3.415159	1	0.988534	946.000000
162	3468672	-1	25468	889918	765422.463814	4.531709	4.531709	1	0.988534	950.000000
163	3361752	-1	26270	889918	998000.164418	3.368488	3.368488	1	0.988534	953.000000
164	3539232	-1	27165	889918	1248636.323208	2.834478	2.834478	1	0.988534	955.000000
165	4129240	-1	26738	889918	1265981.294154	3.261691	3.261691	1	0.988534	958.000000
166	4129240	-1	26560	889918	1200382.363953	3.439937	3.439937	1	0.988534	961.000000
167	3175088	-1	27444	889918	1242678.792243	2.555035	2.555035	1	0.988534	963.000000
168	4064976	-1	25992	889918	1014450.580918	4.007071	4.007071	1	0.988534	967.000000
169	3969376	-1	26155	889918	1032542.418846	3.844274	3.844274	1	0.988534	970.000000
170	3410072	-1	26661	889918	1021324.553277	3.338872	3.338872	1	0.988534	973.000000
171	3247952	-1	27506	889918	1302682.583982	2.493280	2.493280	1	0.988534	975.000000
172	3390912	-1	27228	889918	1223659.362065	2.771124	2.771124	1	0.988534	977.000000
173	3504184	-1	27541	889918	1425393.387369	2.458398	2.458398	1	0.988534	979.000000
174	3302728	-1	27229	889918	1191971.840637	2.770810	2.770810	1	0.988534	981.000000
175	3494376	-1	27174	889918	1236620.363393	2.825747	2.825747	1	0.988534	983.000000
176	3126536	-1	27390	889918	1198159.569865	2.609449	2.609449	1	0.988534	985.000000
177	4096552	-1	26811	889918	1284826.870075	3.188408	3.188408	1	0.988534	988.000000
178	3770224	-1	27007	889918	1259805.441481	2.992703	2.992703	1	0.988534	990.000000
179	3634648	-1	26892	889918	1169455.487957	3.107983	3.107983	1	0.988534	993.000000
180	3392648	-1	26959	889918	1115817.179917	3.040505	3.040505	1	0.988534	996.000000
181	3502064	-1	27174	889918	1239516.212880	2.825347	2.825347	1	0.988534	998.000000
182	3791032	-1	26696	889918	1147487.892756	3.303766	3.303766	1	0.988534	1001.000000
183	3609904	-1	27220	889918	1298759.769344	2.779501	2.779501	1	0.988534	1003.000000
184	4163480	-1	26271	889918	1116686.917468	3.728422	3.728422	1	0.988534	1006.000000
185	3876456	-1	26811	889918	1215712.251813	3.188630	3.188630	1	0.988534	1009.000000
186	3627208	-1	26906	889918	1172637.709160	3.093204	3.093204	1	0.988534	1012.000000
187	3737600	-1	26871	889918	1194884.085855	3.128002	3.128002	1	0.988534	1015.000000
188	3569128	-1	26565	889918	1039079.205780	3.434895	3.434895	1	0.988534	1018.000000
189	3859968	-1	26203	889918	1016844.793208	3.796025	3.796025	1	0.988534	1021.000000
190	3764312	-1	27381	889918	1437833.170811	2.618045	2.618045	1	0.988534	1023.000000
191	3466824	-1	27455	889918	1362708.584008	2.544069	2.544069	1	0.988534	1025.000000
192	3698760	-1	27599	889918	1540995.992627	2.400240	2.400240	1	0.988534	1027.000000
193	3850584	-1	27308	889918	1430543.616531	2.691693	2.691693	1	0.988534	1029.000000
194	4252872	-1	27369	889918	1616998.698169	2.630102	2.630102	1	0.988534	1031.000000
195	3293168	-1	27973	889918	1624932.021161	2.026650	2.026650	1	0.988534	1033.000000
196	3730680	-1	27677	889918	1606580.172009	2.322125	2.322125	1	0.988534	1035.000000
197	3663360	-1	27575	889918	1510666.581658	2.424996	2.424996	1	0.988534	1037.000000
198	3189576	-1	27814	889918	1459476.154816	2.185425	2.185425	1	0.988534	1039.000000
199	3214096	-1	28296	889918	1886553.053396	1.703687	1.703687	1	0.988534	1040.000000
200	3434520	-1	28282	889918	2000147.321195	1.717134	1.717134	1	0.988534	1041.000000
201	3669736	-1	28203	889918	2042401.371749	1.796775	1.796775	1	0.988534	1042.000000
202	3081296	-1	28363	889918	1882353.610765	1.636938	1.636938	1	0.988534	1043.000000
203	7199616	-1	25747	1771903	1693018.850505	4.252532	4.252532	1	0.988534	1047.000000
204	7576416	-1	24315	1771903	1352198.939224	5.603034	5.603034	1	0.992945	1052.000000
205	3222528	-1	25896	889918	1244128.458342	2.590189	2.590189	1	0.984123	1054.000000
206	3575360	-1	27034	889918	1205673.809521	2.965446	2.965446	1	0.988534	1056.000000
207	3587352	-1	27618	889918	1506058.224182	2.381948	2.381948	1	0.988534	1058.000000
208	3870480	-1	27199	889918	1382248.808904	2.800133	2.800133	1	0.988534	1060.000000
209	4120536	-1	26742	889918	1264845.405330	3.257739	3.257739	1	0.988534	1063.000000
210	4037112	-1	27352	889918	1525013.056798	2.647264	2.647264	1	0.988534	1065.000000
211	3189496	-1	27931	889918	1541878.310445	2.068578	2.068578	1	0.988534	1067.000000
212	30456	-1	29979	889918	1465801.801800	0.020778	0.020778	1	0.988534	1067.000000
213	226760	-1	29845	889918	1465801.801800	0.154700	0.154700	1	0.988534	1067.000000
214	3789240	-1	27764	889918	1694960.429995	2.235592	2.235592	1	0.988534	1069.000000
215	3842432	-1	27693	889918	1665664.989968	2.306846	2.306846	1	0.988534	1071.000000
216	3600904	-1	27865	889918	1687333.393019	2.134080	2.134080	1	0.988534	1073.000000
217	3639136	-1	27853	889918	1695632.852997	2.146182	2.146182	1	0.988534	1075.000000
218	3314048	-1	28198	889918	1839674.541411	1.801432	1.801432	1	0.988534	1076.000000
219	3201216	-1	28317	889918	1903145.374763	1.682066	1.682066	1	0.988534	1077.000000
220	3482272	-1	28317	889918	2069364.342376	1.682774	1.682774	1	0.988534	1078.000000
221	6838120	-1	26766	1771903	2114710.915472	3.233596	3.233596	1	0.988534	1081.000000
222	6997304	-1	26562	1771903	2035636.318673	3.437404	3.437404	1	0.992945	1084.000000
223	7869528	-1	25768	1771903	1859893.502159	4.231171	4.231171	1	0.992945	1088.000000
224	6774568	-1	26349	1771903	1886967.122120	3.590189	3.590189	1	0.992945	1091.000000
225	7146888	-1	26405	1771903	1988333.888763	3.594410	3.594410	1	0.992945	1094.000000
226	6740824	-1	26137	1771903	1745094.931255	3.862726	3.862726	1	0.992945	1097.000000
227	7503296	-1	25290	1771903	1593355.991292	4.709115	4.709115	1	0.992945	1101.000000
228	7135984	-1	25444	1771903	1776421.656257	4.017055	4.017055	1	0.992945	1105.000000
229	7264952	-1	25280	1771903	1675938.996585	4.334855	4.334855	1	0.992945	1109.000000
230	3759856	-1	27089	889918	1591404.114585	2.362603	2.362603	1	0.984123	1111.000000
231	3506176	-1	27679	889918	1511023.596746	2.320398	2.320398	1	0.988534	1113.000000
232	3596016	-1	27735	889918	1587708.995623	2.264909	2.264909	1	0.988534	1115.000000
233	3187768	-1	28229	889918	1800238.840580	1.770747	1.770747	1	0.988534	1116.000000
234	3523280	-1	28040	889918	1797698.661648	1.959884	1.959884	1	0.988534	1117.000000
235	3895960	-1	27838	889918	1802242.224831	2.161729	2.161729	1	0.988534	1119.000000
236	3843872	-1	27250	889918	1397856.973948	2.749832	2.749832	1	0.988534	1121.000000
237	4163376	-1	27560	889918	1706961.368226	2.439057	2.439057	1	0.988534	1123.000000
238	3840896	-1	26153	889918	998567.930114	3.846404	3.846404	1	0.988534	1126.000000
239	4096232	-1	26269	889918	1097908.097384	3.730943	3.730943	1	0.988534	1129.000000
240	3586864	-1	26978	889918	1187096.631488	3.021543	3.021543	1	0.988534	1132.000000
241	4411040	-1	22549	889918	592036.898059	7.450617	7.450617	1	0.988534	1139.000000
242	3521312	-1	22136	889918	768135.129917	4.584235	4.584235	1	0.988534	1143.000000
243	2246000	-1	24793	537678	1484202.176867	1.513271	1.513271	1	0.978664	1144.000000
244	3541344	-1	26461	889918	1414411.158941	2.503759	2.503759	1	0.983599	1146.000000
245	3697136	-1	27185	889918	1313500.026104	2.814721	2.814721	1	0.988534	1148.000000
246	3886536	-1	27558	889918	1592131.711333	2.441089	2.441089	1	0.988534	1150.000000
247	3316576	-1	28128	889918	1772008.789123	1.871648	1.871648	1	0.988534	1151.000000
248	3963208	-1	27682	889918	1709773.161595	2.317973	2.317973	1	0.988534	1153.000000
249	3220288	-1	28739	889918	2555383.337330	1.260198	1.260198	1	0.988534	1154.000000
250	3355160	-1	28825	889918	2855918.200792	1.174810	1.174810	1	0.988534	1155.000000
251	6811320	-1	27440	1771903	2661147.960069	2.559542	2.559542	1	0.988534	1157.000000
252	6714864	-1	27703	1771903	2924416.529383	2.296138	2.296138	1	0.992945	1159.000000
253	6937480	-1	27961	1771903	3403710.189639	2.038211	2.038211	1	0.992945	1161.000000
254	10563624	-1	26302	2565293	2857235.307074	3.697149	3.697149	1	0.992945	1164.000000
255	10997696	-1	14055	2565293	689746.814859	15.944540	15.944540	1	0.994948	1179.000000
256	6463744	-1	14397	1771903	1687964.976794	3.829312	3.829312	1	0.990942	1182.000000
257	3343784	-1	16277	889918	1460037.549729	2.290204	2.290204	1	0.984123	1184.000000
258	3510208	-1	18311	889918	1641926.876424	2.137859	2.137859	1	0.988534	1186.000000
259	3729816	-1	20791	889918	2206497.146638	1.690379	1.690379	1	0.988534	1187.000000
260	3461480	-1	23400	889918	2216461.973912	1.561714	1.561714	1	0.988534	1188.000000
261	7029936	-1	23208	1771903	1611202.416375	4.363161	4.363161	1	0.988534	1192.000000
262	7386712	-1	24280	1771903	2383116.507560	3.099602	3.099602	1	0.992945	1195.000000
263	7749712	-1	25110	1771903	2319658.967869	3.340884	3.340884	1	0.992945	1198.000000
264	8467984	-1	25083	1771903	2017055.219644	4.198191	4.198191	1	0.992945	1202.000000
265	7422424	-1	24419	1771903	1535359.722301	4.834322	4.834322	1	0.992945	1206.000000
266	7484568	-1	24086	1771903	1661601.714410	4.504430	4.504430	1	0.992945	1210.000000
267	7484568	-1	13567	1771903	509513.229968	14.689644	14.689644	1	0.992945	1224.000000
268	3477608	-1	15341	889918	1450633.409353	2.397303	2.397303	1	0.984123	1226.000000
269	3206576	-1	17283	889918	1438827.927640	2.228603	2.228603	1	0.988534	1228.000000
270	3608288	-1	17959	889918	1032333.047194	3.495275	3.495275	1	0.988534	1231.000000
271	4076096	-1	18543	889918	1136252.744173	3.587315	3.587315	1	0.988534	1234.000000
272	4172640	-1	20120	889918	1608435.920731	2.594222	2.594222	1	0.988534	1236.000000
273	3770104	-1	21208	889918	1223012.121993	3.082638	3.082638	1	0.988534	1239.000000
274	3407048	-1	22624	889918	1236788.930410	2.754753	2.754753	1	0.988534	1241.000000
275	4382968	-1	23011	889918	1158279.590848	3.784033	3.784033	1	0.988534	1244.000000
276	3645496	-1	24112	889918	1187512.357640	3.069859	3.069859	1	0.988534	1247.000000
277	3517640	-1	24568	889918	946735.345329	3.715547	3.715547	1	0.988534	1250.000000
278	3568408	-1	24809	889918	908112.559847	3.929478	3.929478	1	0.988534	1253.000000
279	3876616	-1	25823	889918	1227930.694654	3.157032	3.157032	1	0.988534	1256.000000
280	3761936	-1	27790	889918	1706996.913137	2.203833	2.203833	1	0.988534	1258.000000
281	3587680	-1	28286	889918	2094193.402436	1.713156	1.713156	1	0.988534	1259.000000
282	3568080	-1	28285	889918	2081620.104615	1.714088	1.714088	1	0.988534	1260.000000
283	3892080	-1	28412	889918	2451094.081628	1.587895	1.587895	1	0.988534	1261.000000
284	7960912	-1	25427	1771903	1741222.599113	4.572024	4.572024	1	0.988534	1265.000000
285	8176832	-1	25481	1771903	1985757.292148	4.117740	4.117740	1	0.992945	1269.000000
286	8390248	-1	25686	1771903	2115644.084951	3.965813	3.965813	1	0.992945	1272.000000
287	8034840	-1	25807	1771903	1984162.367619	4.049487	4.049487	1	0.992945	1276.000000
288	7924912	-1	26425	1771903	2229907.382488	3.553920	3.553920	1	0.992945	1279.000000
289	7105920	-1	27283	1771903	2616017.884646	2.716312	2.716312	1	0.992945	1281.000000
290	7136056	-1	27023	1771903	2397783.838279	2.976105	2.976105	1	0.992945	1283.000000
291	8262120	-1	25678	1771903	1911962.230570	4.321278	4.321278	1	0.992945	1287.000000
292	7810456	-1	26313	1771903	2208815.196421	3.536039	3.536039	1	0.992945	1290.000000
293	7343488	-1	25474	1771903	1622699.325148	4.525477	4.525477	1	0.992945	1294.000000
294	8094056	-1	24280	1771903	1508657.022903	5.365074	5.365074	1	0.992945	1299.000000
295	7467752	-1	24924	1771903	2117198.554336	3.527185	3.527185	1	0.992945	1302.000000
296	7042768	-1	26230	1771903	2458309.937560	2.864882	2.864882	1	0.992945	1304.000000
297	3333712	-1	28629	1771903	2432385.162468	1.370553	1.370553	1	0.992945	1305.000000
298	7490488	-1	26403	1771903	2082659.496132	3.596598	3.596598	1	0.992945	1308.000000
299	7105552	-1	25946	1771903	1752942.401547	4.053500	4.053500	1	0.992945	1312.000000
300	7329144	-1	25080	1771903	1489948.039349	4.919060	4.919060	1	0.992945	1316.000000
301	6948408	-1	22693	1771903	1059522.047249	6.558059	6.558059	1	0.992945	1322.000000
302	3521896	-1	25664	889918	2934402.821590	1.200209	1.200209	1	0.984123	1323.000000
303	3627928	-1	28993	889918	4309916.167660	0.841763	0.841763	1	0.988534	1323.000000
304	7597400	-1	28322	1771903	4528248.544739	1.677779	1.677779	1	0.988534	1324.000000
305	7021528	-1	28515	1771903	4730891.976895	1.484187	1.484187	1	0.992945	1325.000000
306	10584848	-1	25438	2565293	2320274.083600	4.561896	4.561896	1	0.992945	1329.000000
307	9447568	-1	26210	2565293	2780175.877913	3.398191	3.398191	1	0.994948	1332.000000
308	10480032	-1	20772	2565293	1135719.006814	9.227663	9.227663	1	0.994948	1341.000000
309	6962288	-1	21202	1771903	1861271.318563	3.740609	3.740609	1	0.990942	1344.000000
310	7458272	-1	22244	1771903	2383246.748841	3.129459	3.129459	1	0.992945	1347.000000
311	6894424	-1	23756	1771903	2593560.683912	2.658285	2.658285	1	0.992945	1349.000000
312	6610088	-1	24718	1771903	2059758.218108	3.209157	3.209157	1	0.992945	1352.000000
313	6719208	-1	24999	1771903	1727346.709432	3.889901	3.889901	1	0.992945	1355.000000
314	8094200	-1	17510	1771903	694147.611263	11.660632	11.660632	1	0.992945	1366.000000
315	3435440	-1	19016	889918	1289365.964042	2.664441	2.664441	1	0.984123	1368.000000
316	3613072	-1	20854	889918	1548661.208591	2.333029	2.333029	1	0.988534	1370.000000
317	3840192	-1	23028	889918	1922320.245909	1.997686	1.997686	1	0.988534	1371.000000
318	3631320	-1	25360	889918	1974929.874105	1.838708	1.838708	1	0.988534	1372.000000
319	3922848	-1	27470	889918	1903854.487274	2.060477	2.060477	1	0.988534	1374.000000
320	2355216	-1	28283	889918	1372496.824570	1.716008	1.716008	1	0.988534	1375.000000
321	3819672	-1	27757	889918	1703314.935278	2.242493	2.242493	1	0.988534	1377.000000
322	3785680	-1	28075	889918	1967099.577615	1.924498	1.924498	1	0.988534	1378.000000
323	4128480	-1	27909	889918	1975338.142631	2.090012	2.090012	1	0.988534	1380.000000
324	4271992	-1	27659	889918	1825357.889643	2.340359	2.340359	1	0.988534	1382.000000
325	3754072	-1	28210	889918	2098258.274344	1.789137	1.789137	1	0.988534	1383.000000
326	6733416	-1	25913	1771903	1647629.347142	4.086730	4.086730	1	0.988534	1387.000000
327	7406920	-1	25859	1771903	1788980.696882	4.140302	4.140302	1	0.992945	1391.000000
328	7888000	-1	25837	1771903	1894907.107828	4.162737	4.162737	1	0.992945	1395.000000
329	7694576	-1	24470	1771903	1391571.494278	5.529415	5.529415	1	0.992945	1400.000000
330	4220952	-1	26019	889918	1609931.765111	2.621820	2.621820	1	0.984123	1402.000000
331	3993360	-1	27659	889918	1705991.297051	2.340786	2.340786	1	0.988534	1404.000000
332	4606288	-1	27778	889918	2073519.979507	2.221482	2.221482	1	0.988534	1406.000000
333	2999568	-1	28573	889918	2103378.434907	1.426071	1.426071	1	0.988534	1407.000000
334	3125456	-1	28532	889918	2129810.139891	1.467481	1.467481	1	0.988534	1408.000000
335	7407688	-1	25728	1771903	1734313.044508	4.271252	4.271252	1	0.988534	1412.000000
336	6766944	-1	25972	1771903	1723217.206057	3.926925	3.926925	1	0.992945	1415.000000
337	7852408	-1	26280	1771903	2111293.124965	3.719241	3.719241	1	0.992945	1418.000000
338	8264128	-1	25833	1771903	1983485.704064	4.166467	4.166467	1	0.992945	1422.000000
339	7885728	-1	25646	1771903	1811409.715136	4.353365	4.353365	1	0.992945	1426.000000
340	7419624	-1	25449	1771903	1698550.161155	4.368210	4.368210	1	0.992945	1430.000000
341	7174440	-1	24217	1771903	1327777.693245	5.403344	5.403344	1	0.992945	1435.000000
342	3405024	-1	26681	889918	1995054.444837	1.706732	1.706732	1	0.984123	1436.000000
343	3722104	-1	28351	889918	2258123.261862	1.648317	1.648317	1	0.988534	1437.000000
344	3973672	-1	28030	889918	2017847.331349	1.969263	1.969263	1	0.988534	1438.000000
345	6737080	-1	26890	1771903	2166873.766090	3.109124	3.109124	1	0.988534	1441.000000
346	6122216	-1	28020	1771903	3093083.166852	1.979325	1.979325	1	0.992945	1442.000000
347	5947144	-1	27407	1771903	2293891.285872	2.592601	2.592601	1	0.992945	1444.000000
348	7648480	-1	25981	1771903	1903344.604513	4.018442	4.018442	1	0.992945	1448.000000
349	6870368	-1	26346	1771903	1880525.914789	3.653429	3.653429	1	0.992945	1451.000000
350	7781960	-1	22842	1771903	1087279.300821	7.157278	7.157278	1	0.992945	1458.000000
351	6760192	-1	23870	1771903	2150760.491822	3.143164	3.143164	1	0.992945	1461.000000
352	3506712	-1	26581	889918	2401798.456466	1.460036	1.460036	1	0.984123	1462.000000
353	3608120	-1	28362	889918	2203127.399524	1.637726	1.637726	1	0.988534	1463.000000
354	7000752	-1	26235	1771903	1859484.515741	3.764889	3.764889	1	0.988534	1466.000000
355	7767040	-1	25524	1771903	1735492.136507	4.475411	4.475411	1	0.992945	1470.000000
356	5997864	-1	26173	1771903	1703039.584062	3.521858	3.521858	1	0.992945	1473.000000
357	6907976	-1	26241	1771903	1838129.130380	3.758156	3.758156	1	0.992945	1476.000000
358	6769136	-1	27106	1771903	2339710.822655	2.893151	2.893151	1	0.992945	1478.000000
359	6664984	-1	26919	1771903	2163438.672113	3.080736	3.080736	1	0.992945	1481.000000
360	7907024	-1	26049	1771903	2001329.774181	3.950885	3.950885	1	0.992945	1484.000000
361	6219472	-1	23572	1771903	967663.802746	6.427307	6.427307	1	0.992945	1490.000000
362	3528224	-1	25266	889918	1424382.975067	2.477019	2.477019	1	0.984123	1492.000000
363	3234120	-1	25668	889918	858147.630791	3.768722	3.768722	1	0.988534	1495.000000
364	3719696	-1	28024	889918	2049384.989781	1.815030	1.815030	1	0.988534	1496.000000
365	3464496	-1	28580	889918	2440831.202619	1.419392	1.419392	1	0.988534	1497.000000
366	3509544	-1	28399	889918	2192309.020269	1.600844	1.600844	1	0.988534	1498.000000
367	3478416	-1	28102	889918	1833009.832398	1.897653	1.897653	1	0.988534	1499.000000
368	3478416	-1	26965	889918	1146227.398585	3.034665	3.034665	1	0.988534	1502.000000
369	6808704	-1	26721	1771903	2076819.490223	3.278428	3.278428	1	0.988534	1505.000000
370	6807312	-1	26769	1771903	2106876.920646	3.230997	3.230997	1	0.992945	1508.000000
371	4044440	-1	25291	889918	858940.401629	4.708639	4.708639	1	0.984123	1512.000000
372	3513472	-1	26575	889918	1216983.311596	2.887034	2.887034	1	0.988534	1514.000000
373	3627272	-1	27699	889918	1576701.536970	2.300544	2.300544	1	0.988534	1516.000000
374	3965608	-1	28263	889918	2283169.573064	1.736887	1.736887	1	0.988534	1517.000000
375	3767208	-1	28573	889918	2640837.813186	1.426520	1.426520	1	0.988534	1518.000000
376	3642232	-1	28514	889918	2451057.425295	1.485984	1.485984	1	0.988534	1519.000000
377	6848048	-1	26021	1771903	1721407.041060	3.978169	3.978169	1	0.988534	1522.000000
378	7535384	-1	25425	1771903	1647087.992756	4.574974	4.574974	1	0.992945	1526.000000
379	3865072	-1	27928	1771903	2317265.126060	1.667946	1.667946	1	0.992945	1527.000000
380	42992	-1	29982	1771903	2438073.926070	0.017634	0.017634	1	0.992945	1527.000000
381	6935552	-1	26646	1771903	2067964.834508	3.353806	3.353806	1	0.992945	1530.000000
382	6598048	-1	23710	1771903	1049037.032840	6.289624	6.289624	1	0.992945	1536.000000
383	3382576	-1	25112	889918	1221621.438336	2.768923	2.768923	1	0.984123	1538.000000
384	3604056	-1	17900	889918	316611.846740	11.383200	11.383200	1	0.988534	1549.000000
385	2228792	-1	20798	537678	1751373.957464	1.272596	1.272596	1	0.978664	1550.000000
386	2096368	-1	23856	537678	1882980.367297	1.113324	1.113324	1	0.983599	1551.000000
387	2307264	-1	26190	537678	1255885.076706	1.837162	1.837162	1	0.983599	1552.000000
388	2414216	-1	28178	537678	1325739.408352	1.821034	1.821034	1	0.983599	1553.000000
389	2341728	-1	28855	537678	2046418.488205	1.144306	1.144306	1	0.983599	1554.000000
390	3377184	-1	28257	889918	1938456.299938	1.742203	1.742203	1	0.983599	1555.000000
391	3451344	-1	28163	889918	1878971.704726	1.836826	1.836826	1	0.988534	1556.000000
392	3859584	-1	27810	889918	1762791.834015	2.189472	2.189472	1	0.988534	1558.000000
393	3777728	-1	28193	889918	2091654.201432	1.806096	1.806096	1	0.988534	1559.000000
394	7622312	-1	26763	1771903	2355385.439457	3.236121	3.236121	1	0.988534	1562.000000
395	5929432	-1	27556	1771903	2426290.735065	2.443826	2.443826	1	0.992945	1564.000000
396	6674912	-1	27279	1771903	2453631.589825	2.720421	2.720421	1	0.992945	1566.000000
397	6987000	-1	26063	1771903	1775061.048938	3.936203	3.936203	1	0.992945	1569.000000
398	8006440	-1	25880	1771903	1943556.160125	4.119480	4.119480	1	0.992945	1573.000000
399	7235736	-1	26148	1771903	1878515.487078	3.851837	3.851837	1	0.992945	1576.000000
400	7679080	-1	26346	1771903	2101680.976054	3.653780	3.653780	1	0.992945	1579.000000
401	7299728	-1	26621	1771903	2160410.296948	3.378862	3.378862	1	0.992945	1582.000000
402	7556240	-1	26957	1771903	2483813.405149	3.042193	3.042193	1	0.992945	1585.000000
403	6682872	-1	25389	1771903	1449472.138929	4.610556	4.610556	1	0.992945	1589.000000
404	5887008	-1	25315	1771903	1386677.275784	4.245406	4.245406	1	0.992945	1593.000000
405	6396488	-1	27201	1771903	2799462.211472	2.284899	2.284899	1	0.992945	1595.000000
406	6979600	-1	26794	1771903	2177693.110312	3.205043	3.205043	1	0.992945	1598.000000
407	6091072	-1	25925	1771903	1494882.637486	4.074616	4.074616	1	0.992945	1602.000000
408	3415432	-1	26660	889918	1022746.980125	3.339469	3.339469	1	0.984123	1605.000000
409	3546752	-1	27659	889918	1515194.970406	2.340789	2.340789	1	0.988534	1607.000000
410	3733600	-1	27481	889918	1482730.494684	2.518057	2.518057	1	0.988534	1609.000000
411	3923360	-1	27730	889918	1728671.509480	2.269581	2.269581	1	0.988534	1611.000000
412	3806304	-1	28409	889918	2393131.943534	1.590512	1.590512	1	0.988534	1612.000000
413	3702976	-1	28549	889918	2553530.466457	1.450140	1.450140	1	0.988534	1613.000000
414	7508864	-1	25432	1771903	1643981.706338	4.567486	4.567486	1	0.988534	1617.000000
415	6134728	-1	25504	1771903	1496727.081930	4.098762	4.098762	1	0.992945	1621.000000
416	7785488	-1	27123	1771903	3050686.962930	2.552044	2.552044	1	0.992945	1623.000000
417	6691896	-1	26922	1771903	2174353.242192	3.077649	3.077649	1	0.992945	1626.000000
418	6864464	-1	22393	1771903	902398.490331	7.606910	7.606910	1	0.992945	1633.000000
419	3197360	-1	24959	889918	1992175.798428	1.604959	1.604959	1	0.984123	1634.000000
420	3427632	-1	27132	889918	1715866.678446	1.997610	1.997610	1	0.988534	1635.000000
421	3591568	-1	27639	889918	1521236.962753	2.360952	2.360952	1	0.988534	1637.000000
422	4041904	-1	27186	889918	1436622.573033	2.813477	2.813477	1	0.988534	1639.000000
423	3735536	-1	26610	889918	1102117.711112	3.389417	3.389417	1	0.988534	1642.000000
424	3305984	-1	26698	889918	1001336.823976	3.301570	3.301570	1	0.988534	1645.000000
425	3077280	-1	28593	889918	2187735.783924	1.406605	1.406605	1	0.988534	1646.000000
426	3456424	-1	28546	889918	2378549.760099	1.453164	1.453164	1	0.988534	1647.000000
427	3370368	-1	28758	889918	2714065.966979	1.241815	1.241815	1	0.988534	1648.000000
428	3628056	-1	28617	889918	2624477.830710	1.382392	1.382392	1	0.988534	1649.000000
429	6132328	-1	27181	1771903	2176020.617841	2.818139	2.818139	1	0.988534	1651.000000
430	6968096	-1	24414	1771903	1247644.214670	5.585002	5.585002	1	0.992945	1656.000000
431	7326360	-1	23560	1771903	1457847.520857	5.025464	5.025464	1	0.992945	1661.000000
432	6993440	-1	23265	1771903	1566026.971046	4.465721	4.465721	1	0.992945	1665.000000
433	3568408	-1	23863	889918	998624.664592	3.573323	3.573323	1	0.984123	1668.000000
434	3722312	-1	25738	889918	1621336.027106	2.295830	2.295830	1	0.988534	1670.000000
435	3703512	-1	28218	889918	2190127.826801	1.691003	1.691003	1	0.988534	1671.000000
436	3414952	-1	28673	889918	2575071.584210	1.326158	1.326158	1	0.988534	1672.000000
437	3955304	-1	28757	889918	3182822.251413	1.242703	1.242703	1	0.988534	1673.000000
438	6855928	-1	27315	1771903	2553768.220027	2.684632	2.684632	1	0.988534	1675.000000
439	6697448	-1	25609	1771903	1525289.935832	4.390934	4.390934	1	0.992945	1679.000000
440	7247128	-1	25819	1771903	1829956.244764	3.960274	3.960274	1	0.992945	1682.000000
441	7771000	-1	21452	1771903	910153.850472	8.538117	8.538117	1	0.992945	1690.000000
442	4104224	-1	22964	889918	1543160.512021	2.659622	2.659622	1	0.984123	1692.000000
443	3716952	-1	24294	889918	1308486.678970	2.840649	2.840649	1	0.988534	1694.000000
444	3635352	-1	25540	889918	1242945.911244	2.924787	2.924787	1	0.988534	1696.000000
445	3255112	-1	25990	889918	874865.986302	3.720698	3.720698	1	0.988534	1699.000000
446	3391064	-1	26227	889918	898900.535564	3.772457	3.772457	1	0.988534	1702.000000
447	3788656	-1	27185	889918	1346058.472800	2.814630	2.814630	1	0.988534	1704.000000
448	3542672	-1	26451	889918	998389.592503	3.548386	3.548386	1	0.988534	1707.000000
449	3652616	-1	27593	889918	1518119.026991	2.406014	2.406014	1	0.988534	1709.000000
450	3634408	-1	27758	889918	1621290.560778	2.241676	2.241676	1	0.988534	1711.000000
451	3606720	-1	27791	889918	1633282.040706	2.208265	2.208265	1	0.988534	1713.000000
452	3705384	-1	27548	889918	1511273.686017	2.451829	2.451829	1	0.988534	1715.000000
453	3701792	-1	26721	889918	1129060.698892	3.278647	3.278647	1	0.988534	1718.000000
454	3483408	-1	29259	889918	4701958.620690	0.740842	0.740842	1	0.988534	1718.000000
455	3816936	-1	29188	889918	4701958.620690	0.811776	0.811776	1	0.988534	1718.000000
456	7350376	-1	27240	1771903	2663653.197801	2.759509	2.759509	1	0.988534	1720.000000
457	8175096	-1	25281	1771903	1732548.474437	4.718538	4.718538	1	0.992945	1724.000000
458	7384280	-1	23747	1771903	1294418.732222	5.704707	5.704707	1	0.992945	1729.000000
459	6763680	-1	22808	1771903	1323620.117413	5.109986	5.109986	1	0.992945	1734.000000
460	7900992	-1	21265	1771903	1382685.460173	5.714237	5.714237	1	0.992945	1739.000000
461	4141568	-1	23156	889918	1816321.868433	2.280195	2.280195	1	0.984123	1741.000000
462	3843744	-1	25276	889918	1874242.590860	2.050825	2.050825	1	0.988534	1743.000000
463	3581008	-1	26261	889918	1124074.292083	3.185740	3.185740	1	0.988534	1746.000000
464	3641608	-1	27513	889918	1464822.806319	2.486040	2.486040	1	0.988534	1748.000000
465	3661992	-1	27422	889918	1420775.772104	2.577459	2.577459	1	0.988534	1750.000000
466	3494856	-1	27556	889918	1430480.739272	2.443134	2.443134	1	0.988534	1752.000000
467	3736416	-1	27575	889918	1540825.578945	2.424944	2.424944	1	0.988534	1754.000000
468	3687296	-1	27167	889918	1301834.441408	2.832385	2.832385	1	0.988534	1756.000000
469	3687296	-1	26492	889918	1051302.369021	3.507360	3.507360	1	0.988534	1759.000000
470	3940304	-1	25679	889918	911943.033196	4.320779	4.320779	1	0.988534	1763.000000
471	4265736	-1	26288	889918	1197694.089527	3.561624	3.561624	1	0.988534	1766.000000
472	3447912	-1	27300	889918	1277294.677581	2.699386	2.699386	1	0.988534	1768.000000
473	3915312	-1	26849	889918	1242583.803410	3.150944	3.150944	1	0.988534	1771.000000
474	3907456	-1	27063	889918	1330728.522327	2.936328	2.936328	1	0.988534	1773.000000
475	3237944	-1	27570	889918	1332510.112786	2.429958	2.429958	1	0.988534	1775.000000
476	3612576	-1	26626	889918	1070740.243445	3.373905	3.373905	1	0.988534	1778.000000
477	3293416	-1	26084	889918	841125.919295	3.915485	3.915485	1	0.988534	1781.000000
478	3603784	-1	25774	889918	852868.655020	4.225485	4.225485	1	0.988534	1785.000000
479	3316968	-1	25876	889918	815267.567340	4.068564	4.068564	1	0.988534	1789.000000
480	3551360	-1	25694	889918	824870.757356	4.305353	4.305353	1	0.988534	1793.000000
481	2153840	-1	25827	537678	533408.204483	4.037883	4.037883	1	0.978664	1797.000000
482	2350800	-1	28363	537678	1437316.718019	1.635548	1.635548	1	0.983599	1798.000000
483	2074264	-1	28768	537678	1684125.721509	1.231656	1.231656	1	0.983599	1799.000000
484	3857544	-1	27526	889918	1559683.933598	2.473286	2.473286	1	0.983599	1801.000000
